,0,1,2,3,4,5,6,7,8,9,10,11,12,13,14
0,District,Educational Cost Per Member,Educational Cost Per Member,Transportation Cost Per Member,Transportation Cost Per Member,Facility Cost Per Member,Facility Cost Per Member,Total Educational Cost Per Member,Total Educational Cost Per Member,Food & Comm. Service Cost Per Member,Food & Comm. Service Cost Per Member,Total District Cost Per Member,Total District Cost Per Member,Current Year Membership,Current Year Membership
1,District,Amount,Rank,Amount,Rank,Amount,Rank,Amount,Rank,Amount,Rank,Amount,Rank,FTE,Rank
2,Abbotsford (0007),"$10,922",403,$358,365,$897,279,"$12,177",413,$848,87,"$13,025",407,795,228
3,Adams-Friendship Area (0014),"$13,822",127,$688,137,$123,374,"$14,632",231,$911,68,"$15,543",209,1403,139
4,Albany (0063),"$14,679",71,$571,219,"$1,163",235,"$16,413",91,$332,398,"$16,745",113,410,336
5,Algoma (0070),"$11,795",341,$320,388,"$1,475",167,"$13,589",347,"$1,034",43,"$14,623",305,696,258
6,Alma (0084),"$14,000",111,$869,64,"$1,471",170,"$16,339",96,$795,104,"$17,134",94,222,399
7,Alma Center (0091),"$13,148",183,$503,264,"$2,053",87,"$15,704",144,$752,123,"$16,456",136,533,296
8,Almond-Bancroft (0105),"$12,395",273,$854,72,$610,324,"$13,859",319,$535,272,"$14,394",321,438,325
9,Altoona (0112),"$11,797",340,$552,233,"$1,167",233,"$13,515",351,$713,144,"$14,228",338,1581,127
10,Amery (0119),"$13,951",114,$479,286,"$1,292",208,"$15,722",143,"$1,319",22,"$17,041",98,1456,137
11,Antigo Unified (0140),"$12,868",212,$615,185,$608,325,"$14,091",293,$644,189,"$14,735",294,2175,91
12,Appleton Area (0147),"$12,389",276,$320,389,$831,289,"$13,540",349,$467,326,"$14,007",354,14581,6
13,Arcadia (0154),"$13,111",187,$415,337,"$2,021",93,"$15,548",156,$979,53,"$16,527",127,1255,152
14,Argyle (0161),"$13,399",153,$824,80,"$2,068",85,"$16,290",99,$711,148,"$17,001",101,286,375
15,Arrowhead UHS (2450),"$11,648",354,$439,316,"$1,196",224,"$13,283",368,$398,365,"$13,681",372,2040,100
16,Ashland (0170),"$13,176",179,$637,174,"$1,604",136,"$15,417",165,$480,322,"$15,897",182,2008,102
17,Ashwaubenon (0182),"$12,619",238,$455,309,$713,308,"$13,787",326,$844,88,"$14,631",303,2186,90
18,Athens (0196),"$16,066",39,"$1,242",12,$334,346,"$17,642",54,$600,219,"$18,242",58,403,340
19,Auburndale (0203),"$12,219",294,$867,65,-$80,-,"$13,006",386,$552,264,"$13,558",384,748,238
20,Augusta (0217),"$15,064",59,$695,132,$574,328,"$16,334",97,"$1,207",27,"$17,541",79,601,274
21,Baldwin-Woodville Area (0231),"$11,231",385,$510,257,"$1,820",113,"$13,562",348,$795,105,"$14,357",326,1645,123
22,Bangor (0245),"$13,009",200,$550,236,"$1,456",173,"$15,014",198,$514,289,"$15,528",210,604,273
23,Baraboo (0280),"$11,947",324,$442,314,"$2,504",46,"$14,893",211,$573,244,"$15,466",216,2890,68
24,Barneveld (0287),"$12,922",208,$230,402,"$3,517",20,"$16,669",81,$362,384,"$17,031",99,412,335
25,Barron Area (0308),"$13,562",144,$521,247,$859,283,"$14,942",206,$804,99,"$15,746",197,1336,145
26,Bayfield (0315),"$23,766",5,"$1,031",33,"$1,159",236,"$25,955",6,"$1,139",31,"$27,095",7,431,328
27,Beaver Dam Unified (0336),"$11,649",353,$386,353,"$2,315",62,"$14,350",260,$639,193,"$14,989",256,3456,58
28,Beecher-Dunbar-Pembine (4263),"$19,860",9,$725,120,$74,387,"$20,658",18,$995,50,"$21,653",20,241,389
29,Belleville (0350),"$11,806",338,$244,399,"$3,058",31,"$15,108",191,$478,323,"$15,586",206,918,202
30,Belmont Community (0364),"$13,627",139,$417,334,"$1,807",117,"$15,851",127,$661,182,"$16,512",129,349,358
31,Beloit (0413),"$14,497",78,$363,363,"$2,031",91,"$16,891",70,$602,217,"$17,493",81,6484,20
32,Beloit Turner (0422),"$11,561",359,$484,278,"$3,531",18,"$15,575",151,$486,316,"$16,061",169,1195,160
33,Benton (0427),"$14,259",97,$444,313,$182,366,"$14,885",213,$940,61,"$15,825",191,236,393
34,Berlin Area (0434),"$12,390",275,$574,214,"$1,031",264,"$13,995",306,$759,119,"$14,754",292,1534,130
35,Big Foot UHS (6013),"$14,391",88,$614,188,"$3,026",33,"$18,031",46,"$1,742",7,"$19,773",33,505,305
36,Birchwood (0441),"$15,119",56,"$1,453",8,"$5,119",4,"$21,691",14,"$1,451",18,"$23,142",11,204,401
37,Black Hawk (2240),"$15,664",43,$933,49,$510,333,"$17,107",67,$570,247,"$17,677",75,397,344
38,Black River Falls (0476),"$12,754",224,$456,308,"$3,701",14,"$16,911",69,$813,96,"$17,724",69,1713,116
39,Blair-Taylor (0485),"$12,865",213,$719,123,"$2,238",69,"$15,822",130,$778,112,"$16,601",121,633,268
40,Bloomer (0497),"$11,907",329,$727,119,"$1,830",109,"$14,463",240,$441,341,"$14,905",269,1197,159
41,Bonduel (0602),"$12,695",227,$677,146,"$1,121",244,"$14,493",238,$535,273,"$15,028",253,760,233
42,Boscobel Area (0609),"$13,549",146,$480,281,$103,379,"$14,132",288,$443,340,"$14,575",307,772,231
43,Bowler (0623),"$16,165",37,$983,37,$220,361,"$17,368",64,$774,114,"$18,143",61,390,346
44,Boyceville Community (0637),"$13,265",165,$607,189,"$1,414",186,"$15,286",177,$692,157,"$15,978",174,700,256
45,Brighton #1 (0657),"$12,325",283,$794,88,"$1,336",197,"$14,455",242,$672,171,"$15,128",241,127,412
46,Brillion (0658),"$11,445",369,$393,350,"$2,170",74,"$14,008",302,$900,75,"$14,908",268,878,208
47,Bristol #1 (0665),"$10,962",401,$429,325,"$2,216",72,"$13,608",341,$341,393,"$13,949",359,736,243
48,Brodhead (0700),"$13,379",158,$517,253,-,401,"$13,896",317,$595,225,"$14,491",316,970,199
49,Brown Deer (0721),"$13,772",129,$326,385,"$1,817",114,"$15,916",122,$384,374,"$16,300",146,1677,119
50,Bruce (0735),"$13,104",188,$854,73,$7,397,"$13,965",310,$719,141,"$14,684",299,503,307
51,Burlington Area (0777),"$12,437",267,$653,159,"$1,284",209,"$14,374",253,$422,351,"$14,795",284,3367,60
52,Butternut (0840),"$18,943",12,$923,52,$684,313,"$20,550",21,"$1,111",34,"$21,661",19,134,410
53,Cadott Community (0870),"$13,938",117,$923,53,"$1,746",119,"$16,606",84,$607,213,"$17,213",91,831,220
54,Cambria-Friesland (0882),"$18,004",19,$669,149,$193,364,"$18,866",31,"$1,464",15,"$20,330",28,344,359
55,Cambridge (0896),"$13,060",193,$718,124,$462,336,"$14,240",273,"$1,068",39,"$15,308",229,870,212
56,Cameron (0903),"$12,323",284,$518,251,"$2,021",94,"$14,862",215,$826,93,"$15,688",202,872,211
57,Campbellsport (0910),"$12,570",254,$835,77,"$1,684",129,"$15,089",194,$349,389,"$15,438",218,1325,148
58,Cashton (0980),"$12,225",292,$964,41,"$1,589",140,"$14,777",223,$772,115,"$15,549",208,563,285
59,Cassville (0994),"$15,965",40,$781,95,-,402,"$16,746",76,$934,62,"$17,681",74,236,394
60,Cedar Grove-Belgium Area (1029),"$11,457",368,$403,343,"$1,183",228,"$13,043",385,$430,348,"$13,473",391,974,197
61,Cedarburg (1015),"$11,320",380,$370,357,"$1,713",124,"$13,402",357,$376,378,"$13,778",367,3076,66
62,Chequamegon (1071),"$14,852",64,$803,83,$451,337,"$16,107",112,$827,92,"$16,934",108,741,241
63,Chetek (1078),-,-,-,-,-,-,-,-,-,-,-,-,-,-
64,Chetek-Weyerhaeuser Area (1080),"$12,618",240,"$1,067",28,$348,344,"$14,033",300,$968,56,"$15,000",255,1056,180
65,Chilton (1085),"$10,753",413,$351,370,"$2,245",66,"$13,349",364,$854,84,"$14,203",341,1082,173
66,Chippewa Falls Area Unified (1092),"$11,900",331,$772,103,"$1,118",247,"$13,791",324,$492,310,"$14,283",331,5057,32
67,Clayton (1120),"$15,653",45,$559,228,$220,362,"$16,433",89,"$1,422",19,"$17,855",66,300,371
68,Clear Lake (1127),"$11,821",336,$595,196,"$2,380",54,"$14,795",222,$975,54,"$15,770",194,589,279
69,Clinton Community (1134),"$12,803",219,$607,190,"$23,341",1,"$36,751",1,$627,201,"$37,377",1,975,196
70,Clintonville (1141),"$14,102",107,$403,344,"$2,120",79,"$16,625",82,"$1,262",24,"$17,887",65,1231,155
71,Cochrane-Fountain City (1155),"$11,650",352,$975,39,"$1,421",181,"$14,046",299,$584,232,"$14,630",304,581,281
72,Colby (1162),"$11,423",371,$662,155,$903,278,"$12,988",387,$571,245,"$13,560",382,990,190
73,Coleman (1169),"$11,436",370,$742,115,"$2,334",59,"$14,512",236,$562,257,"$15,074",247,689,260
74,Colfax (1176),"$11,913",327,$660,157,$782,297,"$13,355",363,$499,302,"$13,854",362,757,234
75,Columbus (1183),"$11,710",348,$566,223,"$1,729",121,"$14,005",303,$575,241,"$14,580",306,1231,156
76,Cornell (1204),"$13,649",137,$806,82,-,-,"$14,455",243,"$1,017",44,"$15,473",214,405,338
77,Crandon (1218),"$13,509",148,$494,273,$124,373,"$14,127",289,$615,209,"$14,742",293,897,207
78,Crivitz (1232),"$11,270",383,$633,180,$138,369,"$12,041",415,$529,276,"$12,570",415,753,236
79,Cuba City (1246),"$14,391",87,$617,184,"$1,149",238,"$16,156",109,$897,76,"$17,053",97,611,270
80,Cudahy (1253),"$14,472",80,$95,417,"$1,429",179,"$15,996",117,$683,163,"$16,679",119,2345,84
81,Cumberland (1260),"$13,049",196,$944,47,$71,388,"$14,065",297,$921,65,"$14,986",257,912,205
82,D C Everest Area (4970),"$12,004",316,$504,263,"$1,420",183,"$13,928",313,$636,195,"$14,564",310,5883,25
83,Darlington Community (1295),"$12,278",287,$585,206,$834,288,"$13,697",336,$515,288,"$14,212",340,865,213
84,De Forest Area (1316),"$11,668",349,$420,332,"$3,684",16,"$15,772",136,$346,391,"$16,118",164,3847,47
85,De Pere (1414),"$11,180",390,$318,390,"$1,177",229,"$12,674",394,$469,324,"$13,143",403,4129,43
86,De Soto Area (1421),"$13,380",157,"$1,027",34,"$1,022",265,"$15,430",164,$673,169,"$16,103",165,528,297
87,Deerfield Community (1309),"$12,445",266,$339,378,"$1,613",134,"$14,397",249,$504,294,"$14,901",270,740,242
88,Delavan-Darien (1380),"$12,594",248,$469,296,$688,310,"$13,752",333,$484,318,"$14,236",337,2526,80
89,Denmark (1407),"$11,864",334,$528,243,$740,306,"$13,132",379,$669,176,"$13,800",365,1461,136
90,Dodgeland (2744),"$14,014",110,$743,113,"$1,324",198,"$16,081",113,$598,220,"$16,680",118,695,259
91,Dodgeville (1428),"$13,058",194,$572,218,"$2,174",73,"$15,804",133,$507,292,"$16,312",144,1221,157
92,Dover #1 (1449),"$12,497",260,$592,197,$101,381,"$13,189",372,$319,400,"$13,508",389,91,418
93,Drummond Area (1491),"$13,979",112,"$1,471",6,$231,358,"$15,681",145,$596,223,"$16,277",149,368,352
94,Durand-Arkansaw (1499),"$10,900",404,"$1,024",35,"$1,258",215,"$13,182",373,$449,339,"$13,630",376,1010,188
95,East Troy Community (1540),"$12,276",288,$515,254,"$1,563",148,"$14,355",258,$465,327,"$14,819",279,1665,121
96,Eau Claire Area (1554),"$12,144",303,$494,274,$772,298,"$13,410",356,$394,369,"$13,804",364,11279,8
97,Edgar (1561),"$13,251",167,$900,56,"$1,720",123,"$15,871",126,$672,172,"$16,544",126,586,280
98,Edgerton (1568),"$12,183",299,$505,260,"$2,308",63,"$14,996",200,$403,361,"$15,399",221,1950,105
99,Elcho (1582),"$16,812",33,"$1,242",13,"$4,611",7,"$22,665",9,"$2,190",4,"$24,855",9,284,376
100,Eleva-Strum (1600),"$12,812",217,$636,177,"$2,322",61,"$15,770",137,$501,300,"$16,271",150,621,269
101,Elk Mound Area (1645),"$11,068",396,$462,301,"$1,074",253,"$12,604",399,$578,238,"$13,182",399,1059,178
102,Elkhart Lake-Glenbeulah (1631),"$14,600",75,$585,207,"$1,556",150,"$16,741",77,$665,178,"$17,405",83,430,329
103,Elkhorn Area (1638),"$11,605",357,$691,134,"$1,303",205,"$13,599",346,$590,227,"$14,189",342,3064,67
104,Ellsworth Community (1659),"$11,541",360,$870,63,"$1,593",138,"$14,004",304,$764,117,"$14,768",289,1670,120
105,Elmbrook (0714),"$11,942",326,$573,216,"$1,905",104,"$14,420",247,$425,349,"$14,845",274,7367,15
106,Elmwood (1666),"$13,941",116,$873,62,$1,400,"$14,815",219,"$1,326",21,"$16,141",161,316,367
107,Erin (1687),"$11,827",335,$692,133,"$1,473",168,"$13,992",307,"$1,046",41,"$15,038",250,229,397
108,Evansville Community (1694),"$12,895",211,$400,347,"$2,588",43,"$15,883",124,$405,359,"$16,288",148,1721,115
109,Fall Creek (1729),"$11,482",366,$477,289,"$2,240",68,"$14,200",279,$523,281,"$14,722",296,748,239
110,Fall River (1736),"$12,021",315,$285,395,"$1,142",239,"$13,448",353,$502,299,"$13,950",358,500,311
111,Fennimore Community (1813),"$13,391",155,$566,224,"$2,323",60,"$16,280",100,$675,168,"$16,955",104,715,250
112,Flambeau (5757),"$13,696",133,$743,114,$2,399,"$14,441",246,$867,80,"$15,307",231,551,291
113,Florence County (1855),"$17,044",26,$690,136,"$1,923",101,"$19,658",25,$382,376,"$20,039",30,455,321
114,Fond du Lac (1862),"$12,365",281,$184,409,$852,285,"$13,401",358,$565,254,"$13,966",357,7256,18
115,Fontana J8 (1870),"$21,952",7,$777,100,"$2,297",65,"$25,025",7,"$2,259",2,"$27,284",6,151,408
116,Fort Atkinson (1883),"$14,661",72,$348,372,"$1,141",240,"$16,149",110,$433,347,"$16,583",124,2628,76
117,Fox Point J2 (1890),"$16,866",32,$505,261,$113,377,"$17,484",60,$217,416,"$17,701",71,728,246
118,Franklin Public (1900),"$12,316",285,$487,275,"$1,413",187,"$14,215",278,$552,265,"$14,768",290,4410,39
119,Frederic (1939),"$13,169",181,$702,129,"$2,074",83,"$15,946",119,"$1,807",5,"$17,752",68,508,302
120,Freedom Area (1953),"$11,514",361,$478,288,$3,398,"$11,995",417,$265,411,"$12,259",417,1614,125
121,Friess Lake (4843),-,-,-,-,-,-,-,-,-,-,-,-,-,-
122,Galesville-Ettrick-Trempealeau (2009),"$12,566",255,$474,292,"$1,416",185,"$14,456",241,$508,291,"$14,964",260,1412,138
123,Geneva J4 (2044),"$18,771",14,$614,187,"$2,909",35,"$22,294",11,$326,399,"$22,620",13,108,413
124,Genoa City J2 (2051),"$12,275",289,$465,299,"$4,139",11,"$16,879",72,$66,419,"$16,945",106,591,277
125,Germantown (2058),"$11,509",362,$568,220,"$2,073",84,"$14,150",286,$311,402,"$14,461",318,3887,45
126,Gibraltar Area (2114),"$23,792",4,$860,70,"$2,390",52,"$27,042",4,$494,307,"$27,536",4,501,309
127,Gillett (2128),"$13,550",145,$789,90,"$1,423",180,"$15,761",139,$452,336,"$16,213",155,561,286
128,Gilman (2135),"$14,335",92,"$1,331",11,"$1,171",231,"$16,837",73,$855,83,"$17,691",73,334,362
129,Gilmanton (2142),"$15,116",57,$866,67,-,-,"$15,982",118,$715,142,"$16,697",116,163,405
130,Glendale-River Hills (2184),"$15,344",50,$738,117,$103,380,"$16,185",108,$748,126,"$16,933",109,928,201
131,Glenwood City (2198),"$10,776",410,$422,331,"$1,039",260,"$12,238",411,$853,85,"$13,091",405,699,257
132,Glidden (2205),-,-,-,-,-,-,-,-,-,-,-,-,-,-
133,Goodman-Armstrong Creek (2212),"$21,530",8,$585,208,-,-,"$22,116",12,"$1,120",32,"$23,236",10,105,414
134,Grafton (2217),"$12,455",264,$458,304,"$1,923",102,"$14,836",218,$487,315,"$15,324",228,1963,104
135,Granton Area (2226),"$17,382",23,$486,277,$892,280,"$18,760",34,"$1,778",6,"$20,538",25,241,387
136,Grantsburg (2233),"$9,616",419,$849,76,$27,394,"$10,491",420,$713,145,"$11,204",420,835,219
137,Green Bay Area Public (2289),"$13,185",178,$364,361,"$1,581",142,"$15,130",189,$567,251,"$15,697",201,21423,3
138,Green Lake (2310),"$16,289",34,$419,333,"$1,001",269,"$17,709",52,"$1,194",30,"$18,903",48,275,379
139,Greendale (2296),"$12,920",209,$128,413,"$1,189",225,"$14,237",274,$727,134,"$14,964",261,2564,78
140,Greenfield (2303),"$12,446",265,$335,381,"$1,590",139,"$14,371",255,$606,215,"$14,976",259,3471,57
141,Greenwood (2394),"$16,182",36,"$1,109",22,$156,367,"$17,446",62,$721,139,"$18,167",60,384,348
142,Gresham (2415),"$16,868",31,$797,86,"$1,075",252,"$18,739",35,$975,55,"$19,715",34,241,388
143,Hamilton (2420),"$11,944",325,$634,178,$801,295,"$13,379",361,$264,412,"$13,642",374,4950,34
144,Hartford J1 (2443),"$11,346",377,$234,401,$861,282,"$12,441",405,$621,204,"$13,062",406,1927,106
145,Hartford UHS (2436),"$12,928",206,$426,328,"$1,571",145,"$14,925",207,$503,296,"$15,429",219,1517,132
146,Hartland-Lakeside J3 (2460),"$11,908",328,$375,356,-,-,"$12,283",410,$966,58,"$13,248",396,1166,163
147,Hayward Community (2478),"$13,348",159,$783,93,$943,274,"$15,073",195,$434,345,"$15,507",212,1751,111
148,Herman #22 (2523),-,-,-,-,-,-,-,-,-,-,-,-,-,-
149,Herman-Neosho-Rubicon (2525),"$13,475",149,$722,122,-,-,"$14,196",282,$441,342,"$14,637",302,327,364
150,Highland (2527),"$13,324",161,$417,336,"$1,129",243,"$14,870",214,$551,266,"$15,421",220,311,369
151,Hilbert (2534),"$11,348",376,$474,293,"$3,200",27,"$15,022",197,$657,183,"$15,679",204,466,320
152,Hillsboro (2541),"$15,229",53,$948,45,"$2,335",58,"$18,512",36,$708,149,"$19,220",41,498,312
153,Holmen (2562),"$11,891",332,$481,279,"$1,234",219,"$13,606",343,$615,210,"$14,220",339,4142,42
154,Holy Hill Area (2570),"$12,057",311,"$1,063",29,$661,319,"$13,782",327,$358,385,"$14,140",346,505,304
155,Horicon (2576),"$12,573",253,$398,349,"$2,348",56,"$15,318",173,$632,197,"$15,951",177,812,224
156,Hortonville Area (2583),"$10,314",417,$686,139,"$1,057",257,"$12,058",414,$352,386,"$12,409",416,4062,44
157,Howards Grove (2605),"$11,498",364,$745,112,"$1,848",108,"$14,090",294,$483,319,"$14,573",308,813,223
158,Howard-Suamico (2604),"$11,195",387,$521,248,"$2,163",76,"$13,878",318,$688,159,"$14,566",309,5535,27
159,Hudson (2611),"$12,599",246,$599,193,"$1,486",165,"$14,684",227,$606,216,"$15,290",233,5360,28
160,Hurley (2618),"$12,815",216,"$1,147",20,$258,355,"$14,220",277,$578,239,"$14,798",283,503,308
161,Hustisford (2625),"$14,503",77,$759,107,$75,386,"$15,337",172,$569,249,"$15,906",181,391,345
162,Independence (2632),"$13,407",151,$741,116,$189,365,"$14,336",264,$481,321,"$14,818",280,473,318
163,Iola-Scandinavia (2639),"$13,536",147,$778,97,$276,353,"$14,591",233,$908,70,"$15,499",213,649,266
164,Iowa-Grant (2646),"$14,386",89,$590,202,$493,334,"$15,468",163,$652,184,"$16,121",163,702,255
165,Ithaca (2660),"$15,744",42,$630,182,"$1,525",152,"$17,899",47,$681,165,"$18,580",53,295,372
166,Janesville (2695),"$12,495",262,$215,405,"$1,488",164,"$14,198",280,$588,228,"$14,786",286,9130,11
167,Jefferson (2702),"$12,658",236,$457,307,"$2,244",67,"$15,358",170,$713,146,"$16,071",167,1799,109
168,Johnson Creek (2730),"$13,700",132,$458,305,"$5,765",3,"$19,923",24,$649,186,"$20,572",24,684,261
169,Juda (2737),"$15,657",44,$376,355,"$2,217",71,"$18,250",42,$907,71,"$19,157",44,228,398
170,Kaukauna Area (2758),"$10,987",399,$487,276,"$1,385",192,"$12,859",391,$340,395,"$13,199",397,4790,35
171,Kenosha (2793),"$13,232",170,$365,360,"$1,036",261,"$14,633",229,$313,401,"$14,946",264,20051,5
172,Kettle Moraine (1376),"$12,185",298,$733,118,"$3,692",15,"$16,610",83,$688,158,"$17,298",86,3397,59
173,Kewaskum (2800),"$10,975",400,$554,231,"$1,313",203,"$12,842",392,$725,136,"$13,567",381,1832,108
174,Kewaunee (2814),"$12,660",235,$430,323,"$1,278",210,"$14,367",256,$588,229,"$14,955",262,971,198
175,Kickapoo Area (5960),"$14,273",96,"$1,092",25,"$1,042",258,"$16,407",93,$741,128,"$17,148",93,429,330
176,Kiel Area (2828),"$10,831",408,$481,280,"$1,120",246,"$12,432",407,$698,153,"$13,130",404,1218,158
177,Kimberly Area (2835),"$11,408",373,$339,379,$584,327,"$12,331",409,$343,392,"$12,674",413,4773,36
178,Kohler (2842),"$11,613",355,$189,408,"$3,341",25,"$15,143",188,$814,95,"$15,957",176,469,319
179,La Crosse (2849),"$14,632",74,$551,235,"$1,073",254,"$16,257",104,$712,147,"$16,969",103,6300,22
180,La Farge (2863),"$16,122",38,$460,303,"$1,713",125,"$18,295",41,$693,155,"$18,988",46,250,385
181,Lac du Flambeau #1 (1848),"$23,285",6,"$1,159",18,$545,330,"$24,990",8,"$1,119",33,"$26,109",8,568,284
182,Ladysmith (2856),"$12,709",226,$800,84,"$2,717",41,"$16,226",106,$789,110,"$17,015",100,757,235
183,Lake Country (3862),"$13,225",172,$562,226,$61,390,"$13,849",320,$706,152,"$14,555",311,361,354
184,Lake Geneva J1 (2885),"$12,600",245,$480,282,"$1,308",204,"$14,388",250,$804,100,"$15,192",237,1846,107
185,Lake Geneva-Genoa City UHS (2884),"$13,206",176,$650,162,"$1,509",155,"$15,366",168,"$1,002",47,"$16,367",142,1281,151
186,Lake Holcombe (2891),"$17,317",25,"$1,578",5,-,-,"$18,896",30,"$1,202",28,"$20,098",29,283,377
187,Lake Mills Area (2898),"$11,078",395,$339,380,"$2,015",96,"$13,432",354,$635,196,"$14,067",349,1583,126
188,Lakeland UHS (3647),"$18,705",15,"$1,418",9,"$1,567",147,"$21,690",15,$754,122,"$22,444",14,731,244
189,Lancaster Community (2912),"$13,219",174,$426,329,-,-,"$13,645",339,$518,286,"$14,163",345,976,195
190,Laona (2940),"$15,188",54,$586,204,-,-,"$15,774",134,"$1,487",14,"$17,261",88,236,395
191,Lena (2961),"$13,093",190,$503,265,$636,321,"$14,232",275,$597,222,"$14,829",277,400,343
192,Linn J4 (3087),"$17,661",21,$645,169,"$2,050",88,"$20,356",23,$218,415,"$20,574",23,102,416
193,Linn J6 (3094),"$13,965",113,$922,54,"$2,997",34,"$17,884",48,$915,67,"$18,799",50,102,417
194,Little Chute Area (3129),"$11,776",343,$140,412,"$1,249",217,"$13,165",375,$500,301,"$13,664",373,1304,149
195,Lodi (3150),"$12,581",252,$681,145,"$2,486",49,"$15,748",141,$681,166,"$16,429",137,1464,135
196,Lomira (3171),"$11,190",388,$353,367,"$1,602",137,"$13,146",378,$454,332,"$13,600",378,1064,177
197,Loyal (3206),"$14,910",63,$639,173,-,-,"$15,549",155,$696,154,"$16,245",152,520,300
198,Luck (3213),"$12,536",257,$586,205,-$133,-,"$12,988",388,"$1,540",13,"$14,528",312,501,310
199,Luxemburg-Casco (3220),"$12,128",306,$622,183,"$1,496",160,"$14,247",271,$583,235,"$14,830",276,1773,110
200,Madison Metropolitan (3269),"$14,942",62,$322,387,"$1,060",256,"$16,324",98,$826,94,"$17,150",92,26962,2
201,Manawa (3276),"$11,970",322,$752,109,"$1,499",159,"$14,221",276,$561,259,"$14,783",287,682,263
202,Manitowoc (3290),"$12,533",258,$325,386,$250,357,"$13,108",382,$394,370,"$13,502",390,5136,30
203,Maple (3297),"$11,903",330,"$1,228",14,"$2,796",38,"$15,927",120,$575,242,"$16,503",131,1236,154
204,Maple Dale-Indian Hill (1897),"$18,145",17,$861,69,"$3,310",26,"$22,316",10,$386,372,"$22,701",12,400,342
205,Marathon City (3304),"$11,973",321,$924,51,"$1,827",112,"$14,725",225,$348,390,"$15,073",248,674,264
206,Marinette (3311),"$11,745",346,$428,326,"$1,659",133,"$13,831",322,$460,329,"$14,291",330,2164,93
207,Marion (3318),"$13,061",192,$587,203,$128,372,"$13,777",328,$503,297,"$14,280",332,478,317
208,Markesan (3325),"$13,243",169,$661,156,$803,293,"$14,707",226,$601,218,"$15,308",230,820,222
209,Marshall (3332),"$13,222",173,$684,142,"$1,399",190,"$15,305",174,$439,343,"$15,744",198,1012,187
210,Marshfield Unified (3339),"$11,653",351,$512,255,"$1,159",237,"$13,325",366,$408,358,"$13,733",370,3859,46
211,Mauston (3360),"$12,744",225,$498,269,"$3,499",21,"$16,741",78,$880,78,"$17,621",76,1391,140
212,Mayville (3367),"$13,211",175,$526,246,"$2,032",90,"$15,769",138,$739,129,"$16,508",130,1052,181
213,McFarland (3381),"$12,911",210,$409,339,"$2,041",89,"$15,361",169,$613,211,"$15,974",175,2267,87
214,Medford Area Public (3409),"$8,821",420,$542,239,"$1,349",195,"$10,712",419,$850,86,"$11,562",419,2096,98
215,Mellen (3427),"$13,905",119,$703,128,$688,311,"$15,296",176,$626,202,"$15,922",179,271,381
216,Melrose-Mindoro (3428),"$12,996",201,"$1,359",10,"$2,079",82,"$16,434",88,$637,194,"$17,070",96,729,245
217,Menasha Joint (3430),"$14,024",108,$340,376,"$2,410",51,"$16,774",75,$841,89,"$17,616",77,3507,55
218,Menominee Indian (3434),"$18,942",13,"$1,048",31,$816,290,"$20,806",17,"$1,072",38,"$21,877",18,986,191
219,Menomonee Falls (3437),"$12,072",309,$555,229,"$1,562",149,"$14,188",284,$792,108,"$14,980",258,3842,49
220,Menomonie Area (3444),"$11,806",339,$643,171,"$1,609",135,"$14,058",298,$672,173,"$14,730",295,3312,62
221,Mequon-Thiensville (3479),"$12,923",207,$598,195,$673,316,"$14,194",283,$611,212,"$14,805",282,3482,56
222,Mercer (3484),"$19,200",11,"$1,151",19,$226,360,"$20,576",19,"$1,385",20,"$21,961",17,144,409
223,Merrill Area (3500),"$13,165",182,$893,58,$316,348,"$14,374",254,$488,314,"$14,862",272,2484,81
224,Merton Community (3528),"$10,314",418,$352,368,"$1,567",146,"$12,233",412,$352,387,"$12,585",414,795,229
225,Middleton-Cross Plains Area (3549),"$12,803",220,$313,391,"$1,855",107,"$14,971",203,$266,410,"$15,236",235,7367,16
226,Milton (3612),"$11,571",358,$520,249,"$1,303",206,"$13,393",360,$368,382,"$13,761",368,3517,53
227,Milwaukee (3619),"$15,415",48,$126,414,$340,345,"$15,882",125,$791,109,"$16,673",120,73395,1
228,Mineral Point Unified (3633),"$14,109",105,$564,225,"$1,251",216,"$15,924",121,$544,269,"$16,468",135,706,253
229,Minocqua J1 (3640),"$13,826",126,$974,40,$304,350,"$15,104",192,$724,138,"$15,828",190,576,282
230,Mishicot (3661),"$11,230",386,$549,237,"$1,830",110,"$13,608",342,$641,191,"$14,249",336,826,221
231,Mondovi (3668),"$12,992",202,$479,287,"$1,735",120,"$15,205",185,$739,130,"$15,944",178,877,209
232,Monona Grove (3675),"$13,047",197,$709,127,"$2,305",64,"$16,062",115,$522,282,"$16,584",123,3133,64
233,Monroe (3682),"$14,177",100,$434,318,$802,294,"$15,413",166,$994,51,"$16,407",138,2240,88
234,Montello (3689),"$13,893",122,$768,104,$679,314,"$15,340",171,$503,298,"$15,843",188,703,254
235,Monticello (3696),"$14,433",85,$277,397,$837,287,"$15,547",157,$580,237,"$16,127",162,356,357
236,Mosinee (3787),"$11,776",344,$576,212,"$1,302",207,"$13,653",338,$405,360,"$14,058",350,2006,103
237,Mount Horeb Area (3794),"$11,795",342,$502,266,"$1,678",130,"$13,974",309,$415,355,"$14,389",322,2344,85
238,Mukwonago (3822),"$11,238",384,$637,175,"$1,401",189,"$13,275",369,$504,295,"$13,779",366,4687,37
239,Muskego-Norway (3857),"$11,340",378,$542,240,"$1,268",213,"$13,149",377,$411,356,"$13,560",383,5014,33
240,Necedah Area (3871),"$14,184",99,$650,163,$976,270,"$15,810",131,$596,224,"$16,407",139,717,249
241,Neenah Joint (3892),"$10,885",405,$305,393,$86,385,"$11,276",418,$421,352,"$11,697",418,6919,19
242,Neillsville (3899),"$11,474",367,$591,200,$590,326,"$12,655",397,$933,63,"$13,588",380,875,210
243,Nekoosa (3906),"$13,275",163,$864,68,"$1,924",100,"$16,064",114,$812,97,"$16,876",111,1094,171
244,Neosho J3 (3913),-,-,-,-,-,-,-,-,-,-,-,-,-,-
245,New Auburn (3920),"$14,273",95,$949,44,"$1,489",163,"$16,710",80,$595,226,"$17,305",85,278,378
246,New Berlin (3925),"$11,492",365,$574,215,"$1,093",250,"$13,159",376,$434,346,"$13,593",379,4503,38
247,New Glarus (3934),"$12,081",308,$235,400,"$3,358",24,"$15,674",146,$521,283,"$16,195",158,914,204
248,New Holstein (3941),"$10,992",398,$505,262,"$1,864",106,"$13,361",362,$646,188,"$14,007",355,1135,166
249,New Lisbon (3948),"$13,424",150,$697,130,$260,354,"$14,380",252,$574,243,"$14,955",263,609,271
250,New London (3955),"$11,140",392,$458,306,"$1,320",201,"$12,919",389,$506,293,"$13,424",393,2272,86
251,New Richmond (3962),"$10,805",409,$567,221,"$2,419",50,"$13,791",325,$720,140,"$14,511",314,3512,54
252,Niagara (3969),"$13,897",121,$330,384,"$1,020",266,"$15,247",179,$565,255,"$15,812",192,335,361
253,Nicolet Union High Sch (2177),"$18,139",18,$417,335,$952,273,"$19,508",27,"$1,000",48,"$20,508",26,1071,175
254,Norris (3976),-,-,-,-,-,-,-,-,-,-,-,-,25,421
255,North Cape (4690),"$14,119",104,$642,172,"$1,507",157,"$16,268",102,$202,417,"$16,470",134,193,402
256,North Crawford (2016),"$15,158",55,$430,322,$251,356,"$15,839",128,$886,77,"$16,726",114,441,324
257,North Fond du Lac (3983),"$12,668",233,$260,398,"$1,577",144,"$14,506",237,$647,187,"$15,153",240,1378,141
258,North Lake (3514),"$14,598",76,$646,167,"$1,100",249,"$16,344",95,$607,214,"$16,952",105,244,386
259,North Lakeland (0616),"$23,885",3,"$1,880",3,"$1,518",153,"$27,283",3,"$1,606",9,"$28,889",3,133,411
260,Northern Ozaukee (1945),"$12,378",280,$508,259,"$1,461",172,"$14,348",261,$493,308,"$14,841",275,750,237
261,Northland Pines (1526),"$15,614",46,"$1,048",30,"$2,103",80,"$18,765",33,$738,131,"$19,503",37,1287,150
262,Northwood (3654),"$14,433",84,"$3,106",1,$35,393,"$17,574",59,"$1,598",11,"$19,172",43,323,365
263,Norwalk-Ontario-Wilton (3990),"$14,965",61,$851,74,$767,302,"$16,583",85,$965,59,"$17,548",78,598,275
264,Norway J7 (4011),"$14,636",73,$752,110,"$3,063",29,"$18,451",38,$306,405,"$18,756",51,86,419
265,Oak Creek-Franklin Joint (4018),"$11,325",379,$480,283,"$1,811",116,"$13,616",340,$421,353,"$14,037",353,6224,23
266,Oakfield (4025),"$13,015",198,$520,250,$409,338,"$13,943",311,"$1,620",8,"$15,563",207,496,313
267,Oconomowoc Area (4060),"$11,990",319,$495,271,"$1,435",178,"$13,921",314,$450,338,"$14,371",324,5328,29
268,Oconto Falls Public (4074),"$13,300",162,$675,147,"$1,553",151,"$15,528",160,$807,98,"$16,335",143,1690,117
269,Oconto Unified (4067),"$12,690",228,$454,310,"$1,117",248,"$14,260",269,$664,180,"$14,924",266,1033,185
270,Omro (4088),"$11,975",320,$604,192,$306,349,"$12,884",390,$671,174,"$13,555",385,1241,153
271,Onalaska (4095),"$12,599",247,$502,267,$672,317,"$13,774",329,$495,306,"$14,269",334,2765,72
272,Oostburg (4137),"$10,534",415,$433,319,"$1,692",127,"$12,659",396,$499,303,"$13,158",400,977,194
273,Oregon (4144),"$13,393",154,$540,241,"$1,672",131,"$15,604",150,$456,330,"$16,061",170,3834,50
274,Osceola (4165),"$12,381",278,$652,160,"$1,232",220,"$14,265",268,$910,69,"$15,174",238,1490,133
275,Oshkosh Area (4179),"$13,334",160,$310,392,$204,363,"$13,848",321,$531,274,"$14,378",323,9693,10
276,Osseo-Fairchild (4186),"$13,901",120,$583,210,"$1,927",99,"$16,410",92,$858,82,"$17,268",87,838,218
277,Owen-Withee (4207),"$13,677",134,$813,81,$748,303,"$15,238",180,$630,198,"$15,868",184,486,315
278,Palmyra-Eagle Area (4221),"$11,292",382,$936,48,"$1,690",128,"$13,918",315,$260,413,"$14,178",343,978,193
279,Pardeeville Area (4228),"$12,405",272,$552,234,"$1,121",245,"$14,079",296,$386,373,"$14,465",317,856,215
280,Paris J1 (4235),"$12,428",270,$687,138,-,-,"$13,115",380,$520,285,"$13,635",375,167,404
281,Park Falls (4242),-,-,-,-,-,-,-,-,-,-,-,-,-,-
282,Parkview (4151),"$12,625",237,$663,154,"$2,627",42,"$15,915",123,$588,230,"$16,503",132,854,216
283,Pecatonica Area (0490),"$15,283",51,$664,152,$291,352,"$16,238",105,$749,125,"$16,987",102,427,331
284,Pepin Area (4270),"$16,994",27,"$1,046",32,-,-,"$18,041",45,"$1,269",23,"$19,310",40,237,392
285,Peshtigo (4305),"$11,656",350,$348,373,$476,335,"$12,479",403,$666,177,"$13,145",401,993,189
286,Pewaukee (4312),"$11,948",323,$495,272,$772,299,"$13,215",371,$340,396,"$13,555",386,2722,73
287,Phelps (4330),"$25,069",2,"$1,457",7,-,-,"$26,526",5,"$3,755",1,"$30,281",2,104,415
288,Phillips (4347),"$12,619",239,$778,98,"$1,004",268,"$14,402",248,$924,64,"$15,325",227,746,240
289,Pittsville (4368),"$13,126",186,$867,66,$133,371,"$14,126",290,"$1,464",16,"$15,590",205,542,293
290,Platteville (4389),"$12,199",297,$406,342,"$1,141",241,"$13,746",334,$521,284,"$14,267",335,1542,129
291,Plum City (4459),"$14,406",86,$401,346,$846,286,"$15,653",148,$616,207,"$16,269",151,256,383
292,Plymouth Joint (4473),"$11,992",318,$400,348,"$1,364",194,"$13,756",332,$693,156,"$14,449",319,2161,94
293,Port Edwards (4508),"$14,976",60,$573,217,$100,382,"$15,649",149,$640,192,"$16,289",147,426,332
294,Port Washington-Saukville (4515),"$12,670",232,$348,374,"$1,437",177,"$14,455",244,$402,363,"$14,857",273,2543,79
295,Portage Community (4501),"$12,496",261,$606,191,$230,359,"$13,332",365,$382,377,"$13,714",371,2141,95
296,Potosi (4529),"$16,871",30,$794,89,$669,318,"$18,334",40,$997,49,"$19,331",39,294,373
297,Poynette (4536),"$11,374",374,$424,330,"$2,489",47,"$14,287",267,$396,367,"$14,683",300,1045,183
298,Prairie du Chien Area (4543),"$14,107",106,$480,284,"$1,467",171,"$16,054",116,$665,179,"$16,718",115,985,192
299,Prairie Farm Public (4557),"$14,242",98,$762,105,$397,340,"$15,401",167,$906,72,"$16,308",145,311,370
300,Prentice (4571),"$14,762",68,$644,170,"$1,668",132,"$17,074",68,$621,205,"$17,695",72,358,356
301,Prescott (4578),"$11,729",347,$500,268,"$2,337",57,"$14,566",234,$538,271,"$15,104",244,1360,143
302,Princeton (4606),"$14,449",82,$665,151,$141,368,"$15,255",178,$498,304,"$15,753",196,359,355
303,Pulaski Community (4613),"$11,125",393,$527,245,"$1,033",262,"$12,685",393,$630,199,"$13,315",394,3847,48
304,Racine Unified (4620),"$13,186",177,$408,340,"$1,010",267,"$14,604",232,$399,364,"$15,003",254,20822,4
305,Randall J1 (4627),"$11,612",356,$368,359,"$4,450",8,"$16,429",90,$383,375,"$16,813",112,575,283
306,Randolph (4634),"$12,589",249,$178,410,"$2,771",39,"$15,538",158,$527,278,"$16,065",168,528,298
307,Random Lake (4641),"$12,612",243,$855,71,"$2,026",92,"$15,494",161,"$1,073",37,"$16,566",125,786,230
308,Raymond #14 (4686),"$12,421",271,$684,143,"$6,455",2,"$19,560",26,$137,418,"$19,697",35,320,366
309,Reedsburg (4753),"$12,777",222,$480,285,"$1,231",221,"$14,487",239,$453,334,"$14,940",265,2656,75
310,Reedsville (4760),"$12,479",263,$711,126,"$2,016",95,"$15,206",184,$794,106,"$16,000",173,641,267
311,Rhinelander (4781),"$17,396",22,$567,222,$814,291,"$18,777",32,$644,190,"$19,421",38,2349,83
312,Rib Lake (4795),"$12,618",241,$553,232,"$1,082",251,"$14,253",270,$617,206,"$14,870",271,481,316
313,Rice Lake Area (4802),"$12,935",204,$650,164,"$1,224",222,"$14,810",220,$583,236,"$15,393",222,2213,89
314,Richfield J1 (4820),-,-,-,-,-,-,-,-,-,-,-,-,-,-
315,Richland (4851),"$13,267",164,$637,176,$748,304,"$14,651",228,$794,107,"$15,446",217,1333,147
316,Richmond (3122),"$12,000",317,$432,320,$136,370,"$12,567",400,$339,397,"$12,906",409,388,347
317,Rio Community (4865),"$14,684",70,$474,294,$616,322,"$15,774",135,$616,208,"$16,390",140,404,339
318,Ripon Area (4872),"$11,298",381,$427,327,"$1,444",175,"$13,169",374,$714,143,"$13,883",361,1576,128
319,River Falls (4893),"$10,775",411,$410,338,"$2,230",70,"$13,415",355,$629,200,"$14,045",352,3360,61
320,River Ridge (4904),"$12,829",215,"$1,097",24,"$1,272",212,"$15,199",186,$541,270,"$15,740",199,541,294
321,River Valley (5523),"$13,644",138,$884,60,$361,342,"$14,888",212,$451,337,"$15,339",226,1192,161
322,Riverdale (3850),"$13,714",131,$561,227,$677,315,"$14,952",205,$562,258,"$15,514",211,683,262
323,Rosendale-Brandon (4956),"$11,748",345,$666,150,"$1,040",259,"$13,454",352,$553,262,"$14,007",356,846,217
324,Rosholt (4963),"$14,325",93,$475,290,-,-,"$14,800",221,$397,366,"$15,197",236,519,301
325,Royall (1673),"$14,485",79,$778,96,"$1,137",242,"$16,400",94,$725,135,"$17,125",95,557,288
326,Rubicon J6 (4998),-,-,-,-,-,-,-,-,-,-,-,-,-,-
327,Saint Croix Central (2422),"$10,947",402,$360,364,"$3,076",28,"$14,382",251,$687,161,"$15,069",249,1638,124
328,Saint Croix Falls (5019),"$12,207",296,$664,153,"$1,981",97,"$14,852",216,"$1,231",26,"$16,082",166,1122,168
329,Saint Francis (5026),"$13,244",168,$96,416,"$1,884",105,"$15,224",182,$921,66,"$16,145",160,797,227
330,Salem (5068),"$12,845",214,$475,291,$614,323,"$13,934",312,$498,305,"$14,432",320,1058,179
331,Sauk Prairie (5100),"$12,391",274,$592,198,"$2,061",86,"$15,045",196,$798,102,"$15,843",189,2576,77
332,Seneca Area (5124),"$15,099",58,"$1,128",21,$41,392,"$16,268",103,"$1,109",36,"$17,377",84,232,396
333,Sevastopol (5130),"$16,969",28,$686,140,"$4,094",12,"$21,750",13,$527,279,"$22,277",16,536,295
334,Seymour Community (5138),"$12,433",268,$691,135,"$1,417",184,"$14,540",235,$588,231,"$15,128",242,2109,97
335,Sharon J11 (5258),"$13,675",135,$220,404,"$3,583",17,"$17,479",61,"$1,601",10,"$19,080",45,218,400
336,Shawano (5264),"$12,614",242,$466,298,"$2,487",48,"$15,567",152,$677,167,"$16,244",153,2363,82
337,Sheboygan Area (5271),"$12,381",279,$165,411,$701,309,"$13,246",370,$584,233,"$13,831",363,10128,9
338,Sheboygan Falls (5278),"$11,365",375,$462,302,"$1,693",126,"$13,520",350,$752,124,"$14,273",333,1664,122
339,Shell Lake (5306),"$14,442",83,$786,91,"$2,383",53,"$17,611",58,$968,57,"$18,579",54,551,290
340,Shiocton (5348),"$13,230",171,$528,244,$354,343,"$14,112",291,"$1,059",40,"$15,172",239,721,248
341,Shorewood (5355),"$15,493",47,$40,419,"$2,102",81,"$17,635",56,"$1,196",29,"$18,831",49,1736,113
342,Shullsburg (5362),"$13,140",184,$651,161,$655,320,"$14,446",245,$584,234,"$15,030",252,330,363
343,Silver Lake J1 (5369),"$12,140",304,$302,394,"$1,321",200,"$13,763",330,$529,277,"$14,292",329,424,333
344,Siren (5376),"$15,950",41,$903,55,"$1,492",162,"$18,345",39,$868,79,"$19,213",42,438,326
345,Slinger (5390),"$10,496",416,$555,230,"$1,398",191,"$12,449",404,$437,344,"$12,886",410,2828,71
346,Solon Springs (5397),"$13,603",142,"$1,103",23,$298,351,"$15,005",199,$797,103,"$15,801",193,316,368
347,Somerset (5432),"$12,673",231,$672,148,"$1,404",188,"$14,749",224,$598,221,"$15,347",223,1475,134
348,South Milwaukee (5439),"$13,927",118,$66,418,"$1,476",166,"$15,470",162,$732,133,"$16,202",157,2842,69
349,South Shore (4522),"$19,413",10,"$1,970",2,$117,376,"$21,500",16,$838,90,"$22,338",15,186,403
350,Southern Door County (5457),"$13,671",136,$725,121,$812,292,"$15,207",183,$686,162,"$15,893",183,1049,182
351,Southwestern Wisconsin (2485),"$13,098",189,$585,209,"$3,475",23,"$17,158",66,$673,170,"$17,831",67,525,299
352,Sparta Area (5460),"$12,032",314,$762,106,"$1,518",154,"$14,312",265,$517,287,"$14,829",278,3162,63
353,Spencer (5467),"$12,668",234,$591,201,$743,305,"$14,001",305,$764,118,"$14,765",291,666,265
354,Spooner Area (5474),"$13,769",130,$980,38,"$3,029",32,"$17,778",51,$570,248,"$18,349",56,1185,162
355,Spring Valley (5586),"$11,500",363,$928,50,"$1,911",103,"$14,339",263,$743,127,"$15,082",246,708,252
356,Stanley-Boyd Area (5593),"$10,773",412,"$1,225",15,$16,395,"$12,014",416,$707,150,"$12,721",412,1078,174
357,Stevens Point Area Public (5607),"$12,259",291,$648,165,$921,277,"$13,828",323,$485,317,"$14,313",328,7264,17
358,Stockbridge (5614),"$12,583",251,$332,382,"$1,065",255,"$13,979",308,$392,371,"$14,371",325,241,390
359,Stone Bank (3542),"$12,806",218,$512,256,"$1,032",263,"$14,351",259,$682,164,"$15,033",251,275,380
360,Stoughton Area (5621),"$13,254",166,$388,351,"$1,274",211,"$14,916",209,$375,380,"$15,291",232,2834,70
361,Stratford (5628),"$11,417",372,$893,59,"$1,453",174,"$13,763",331,$341,394,"$14,104",347,860,214
362,Sturgeon Bay (5642),"$14,777",66,$357,366,"$1,342",196,"$16,476",87,$756,120,"$17,233",90,1105,169
363,Sun Prairie Area (5656),"$12,275",290,$447,312,"$3,476",22,"$16,198",107,$298,407,"$16,496",133,8428,12
364,Superior (5663),"$12,521",259,$646,168,"$2,131",78,"$15,299",175,$561,260,"$15,860",186,4293,40
365,Suring Public (5670),"$16,968",29,"$1,184",17,-,-,"$18,153",43,$492,311,"$18,645",52,367,353
366,Swallow (3510),"$12,062",310,$407,341,"$1,728",122,"$14,197",281,$308,404,"$14,505",315,408,337
367,Thorp (5726),"$13,877",124,$755,108,$924,276,"$15,556",153,$958,60,"$16,514",128,554,289
368,Three Lakes (5733),"$18,628",16,"$1,195",16,$733,307,"$20,556",20,$903,74,"$21,460",21,507,303
369,Tigerton (5740),"$15,385",49,$775,102,"$1,247",218,"$17,407",63,"$2,245",3,"$19,652",36,253,384
370,Tomah Area (5747),"$11,165",391,$795,87,$564,329,"$12,524",402,$453,335,"$12,977",408,3119,65
371,Tomahawk (5754),"$14,468",81,$874,61,$770,301,"$16,113",111,$832,91,"$16,945",107,1103,170
372,Tomorrow River (0126),"$12,035",313,$545,238,"$1,588",141,"$14,168",285,$621,203,"$14,789",285,908,206
373,Trevor Grade (5061),-,-,-,-,-,-,-,-,-,-,-,-,-,-
374,Trevor-Wilmot Consolidated (5780),"$14,364",90,$615,186,"$3,063",30,"$18,042",44,$376,379,"$18,418",55,443,323
375,Tri-County Area (4375),"$13,608",141,$683,144,$13,396,"$14,304",266,$799,101,"$15,104",243,607,272
376,Turtle Lake (5810),"$12,932",205,$599,194,$372,341,"$13,903",316,$867,81,"$14,770",288,487,314
377,Twin Lakes #4 (5817),"$14,019",109,$388,352,"$2,170",75,"$16,576",86,$301,406,"$16,878",110,384,349
378,Two Rivers Public (5824),"$12,038",312,$402,345,$955,272,"$13,395",359,$489,313,"$13,884",360,1689,118
379,Union Grove J1 (5859),"$13,802",128,$332,383,"$2,746",40,"$16,880",71,$531,275,"$17,410",82,560,287
380,Union Grove UHS (5852),"$13,942",115,$632,181,"$1,259",214,"$15,833",129,$546,267,"$16,379",141,709,251
381,Unity (0238),"$13,065",191,$894,57,"$1,167",234,"$15,126",190,"$1,563",12,"$16,689",117,1013,186
382,Valders Area (5866),"$12,585",250,$786,92,$972,271,"$14,344",262,$567,252,"$14,910",267,918,203
383,Verona Area (5901),"$12,771",223,$498,270,"$3,530",19,"$16,798",74,$454,333,"$17,252",89,5687,26
384,Viroqua Area (5985),"$13,579",143,$833,78,$541,332,"$14,953",204,$756,121,"$15,709",200,1065,176
385,Wabeno Area (5992),"$17,740",20,$648,166,$122,375,"$18,510",37,"$1,456",17,"$19,966",31,374,350
386,Walworth J1 (6022),"$13,172",180,$370,358,"$1,377",193,"$14,919",208,$553,263,"$15,472",215,417,334
387,Washburn (6027),"$14,354",91,$696,131,"$1,222",223,"$16,273",101,"$1,242",25,"$17,514",80,505,306
388,Washington Island (6069),"$25,835",1,$473,295,"$1,189",226,"$27,497",2,-,-,"$27,497",5,58,420
389,Washington-Caldwell (6104),"$14,289",94,$685,141,-,-,"$14,974",202,$368,383,"$15,342",225,163,406
390,Waterford Graded J1 (6113),"$14,161",102,$576,213,"$2,875",36,"$17,612",57,$456,331,"$18,068",62,1336,146
391,Waterford UHS (6083),"$14,832",65,$468,297,"$4,152",10,"$19,452",28,$463,328,"$19,915",32,1035,184
392,Waterloo (6118),"$11,887",333,$440,315,"$1,814",115,"$14,141",287,$558,261,"$14,699",297,800,226
393,Watertown Unified (6125),"$12,326",282,$195,406,$544,331,"$13,065",383,$564,256,"$13,629",377,3703,52
394,Waukesha (6174),"$11,821",337,$464,300,"$1,316",202,"$13,601",344,$493,309,"$14,094",348,11959,7
395,Waunakee Community (6181),"$12,179",300,$283,396,"$2,533",45,"$14,995",201,$351,388,"$15,346",224,4162,41
396,Waupaca (6195),"$12,429",269,$581,211,$104,378,"$13,114",381,$396,368,"$13,511",388,2076,99
397,Waupun (6216),"$11,037",397,$510,258,"$1,507",158,"$13,055",384,$403,362,"$13,458",392,2111,96
398,Wausau (6223),"$13,011",199,$381,354,"$2,159",77,"$15,551",154,$482,320,"$16,032",171,8145,13
399,Wausaukee (6230),"$13,887",123,$952,43,-,-,"$14,839",217,"$1,014",45,"$15,853",187,402,341
400,Wautoma Area (6237),"$13,404",152,$634,179,$322,347,"$14,360",257,$725,137,"$15,084",245,1357,144
401,Wauwatosa (6244),"$12,681",230,$119,415,"$4,860",5,"$17,661",53,$571,246,"$18,232",59,6080,24
402,Wauzeka-Steuben (6251),"$16,194",35,"$1,620",4,$63,389,"$17,876",49,"$1,046",42,"$18,922",47,239,391
403,Webster (6293),"$14,172",101,$827,79,"$2,370",55,"$17,368",65,$904,73,"$18,273",57,593,276
404,West Allis-West Milwaukee (6300),"$12,608",244,$191,407,$800,296,"$13,600",345,$733,132,"$14,333",327,8135,14
405,West Bend (6307),"$12,114",307,$351,371,$856,284,"$13,321",367,$424,350,"$13,745",369,6332,21
406,West De Pere (6328),"$10,853",407,$451,311,"$2,804",37,"$14,108",292,$411,357,"$14,519",313,3805,51
407,West Salem (6370),"$12,177",301,$435,317,"$1,473",169,"$14,085",295,$578,240,"$14,663",301,1742,112
408,Westby Area (6321),"$12,213",295,$947,46,"$2,569",44,"$15,729",142,$513,290,"$16,242",154,1129,167
409,Westfield (6335),"$12,135",305,$431,321,$87,384,"$12,653",398,$492,312,"$13,145",402,1146,164
410,Weston (6354),"$14,763",67,$956,42,$89,383,"$15,808",132,$782,111,"$16,590",122,293,374
411,Westosha Central UHS (5054),"$12,388",277,$352,369,$940,275,"$13,680",337,$371,381,"$14,051",351,1141,165
412,Weyauwega-Fremont (6384),"$11,117",394,"$1,073",26,"$1,829",111,"$14,018",301,$671,175,"$14,689",298,812,225
413,Weyerhaeuser Area (6410),-,-,-,-,-,-,-,-,-,-,-,-,-,-
414,Wheatland J1 (6412),"$13,383",156,$364,362,"$1,784",118,"$15,531",159,$664,181,"$16,195",159,438,327
415,White Lake (6440),"$17,325",24,$778,99,"$1,324",199,"$19,427",29,$990,52,"$20,417",27,163,407
416,Whitefish Bay (6419),"$12,225",293,$36,420,$406,339,"$12,666",395,$527,280,"$13,194",398,2721,74
417,Whitehall (6426),"$12,689",229,$712,125,"$1,508",156,"$14,909",210,$775,113,"$15,684",203,727,247
418,Whitewater Unified (6461),"$13,838",125,$654,158,"$1,172",230,"$15,663",147,$546,268,"$16,210",156,2023,101
419,Whitnall (6470),"$12,174",302,$340,377,"$1,184",227,"$13,698",335,$469,325,"$14,167",344,2165,92
420,Wild Rose (6475),"$13,056",195,$752,111,"$1,421",182,"$15,229",181,$688,160,"$15,917",180,551,292
421,Williams Bay (6482),"$13,609",140,$228,403,"$3,801",13,"$17,637",55,$270,409,"$17,908",64,590,278
422,Wilmot Grade (5075),-,-,-,-,-,-,-,-,-,-,-,-,-,-
423,Wilmot UHS (6545),"$15,258",52,$343,375,"$4,763",6,"$20,365",22,$310,403,"$20,675",22,963,200
424,Winneconne Community (6608),"$10,880",406,$782,94,$772,300,"$12,434",406,$417,354,"$12,851",411,1527,131
425,Winter (6615),"$14,750",69,"$1,073",27,$887,281,"$16,711",79,"$1,009",46,"$17,719",70,258,382
426,Wisconsin Dells (6678),"$12,285",286,$518,252,"$1,439",176,"$14,242",272,$569,250,"$14,811",281,1723,114
427,Wisconsin Heights (0469),"$12,967",203,$850,75,"$1,931",98,"$15,749",140,$278,408,"$16,027",172,767,232
428,Wisconsin Rapids (6685),"$12,545",256,$592,199,"$1,496",161,"$14,633",230,$650,185,"$15,283",234,5091,31
429,Wittenberg-Birnamwood (6692),"$11,185",389,$535,242,$687,312,"$12,407",408,"$1,111",35,"$13,517",387,1086,172
430,Wonewoc-Union Center (6713),"$13,127",185,$800,85,"$1,171",232,"$15,098",193,$770,116,"$15,867",185,374,351
431,Woodruff J1 (6720),"$14,150",103,$991,36,$55,391,"$15,195",187,$567,253,"$15,762",195,449,322
432,Wrightstown Community (6734),"$10,554",414,$430,324,"$1,581",143,"$12,565",401,$707,151,"$13,272",395,1375,142
433,Yorkville J2 (6748),"$12,782",221,$777,101,"$4,234",9,"$17,793",50,$235,414,"$18,028",63,343,360
434,State Totals/Averages,"$12,929",,$461,,"$1,346",,"$14,735",,$593,,"$15,329",,823827,
